Date,Open,High,Low,Close,Volume
11/15/2012,651.299988,651.299988,639,646.25,2360585
11/16/2012,643,648.599976,640.150024,642.25,3025706
11/19/2012,639.75,647.900024,639.450012,646.75,1446987
11/20/2012,649.099976,655.900024,648.25,653.849976,2338347
11/21/2012,655.150024,665.5,649.700012,663.700012,3232446
11/22/2012,666.799988,671.150024,664,669.099976,2110241
11/23/2012,669.5,672.599976,659.049988,669.75,1312428
11/26/2012,673,673.700012,660.099976,661.900024,1370384
11/27/2012,664.900024,683.799988,664.900024,680.5,4125668
11/29/2012,680.5,703.75,675.400024,699.849976,6299863
11/30/2012,701,705.5,689.599976,703.950012,3909823
12/3/2012,700,701.150024,684,686.950012,2909085
12/4/2012,684.099976,690,681.049988,685.150024,2169872
12/5/2012,689,695,687,692.599976,2304965
12/6/2012,695.799988,698.5,680.799988,694.75,2726138
12/7/2012,695.25,698,688,693.099976,1984158
12/10/2012,690,696.5,689.650024,693,2081026
12/11/2012,695.25,699,686.299988,690.849976,3375138
12/12/2012,691.25,696,688.5,693.849976,1934126
12/13/2012,693.849976,696,689,691.049988,1570808
12/14/2012,690.049988,694.400024,685.349976,688.75,2093473
12/17/2012,687.900024,687.900024,673.599976,676.5,3057553
12/18/2012,677.950012,682.200012,669.75,675.950012,3343768
12/19/2012,674.549988,689.25,674.5,688,4122253
12/20/2012,686,687,680.25,683.400024,2565187
12/21/2012,681,682,674.049988,676,2771561
12/24/2012,680,680.150024,671.799988,676.099976,1370563
12/26/2012,676.099976,684.849976,673.099976,680.299988,1430804
12/27/2012,684,684,676.700012,680.099976,2464542
12/28/2012,681.099976,683,674.150024,677.650024,1756066
12/31/2012,677,680,674,678.599976,1276822
1/1/2013,682.099976,685.099976,679.650024,684.5,1007303
1/2/2013,689.900024,690,683.049988,687.349976,2427399
1/3/2013,690,690,680.400024,683.349976,2285683
1/4/2013,685,685,672.799988,679.349976,2721127
1/7/2013,683.700012,683.700012,666,668.200012,2751142
1/8/2013,668,673.400024,665.700012,670.25,2471299
1/9/2013,672,672.549988,666.049988,667.5,3217991
1/10/2013,669.5,678,666.5,675.799988,2282592
1/11/2013,676.900024,676.900024,666.700012,669.299988,2570857
1/14/2013,668.150024,670.5,667.099976,669.299988,2847437
1/15/2013,670.799988,675.450012,665,668.299988,2065844
1/16/2013,665.549988,669.200012,657.599976,660.5,2287689
1/17/2013,657.700012,670.849976,654.049988,666.799988,3211036
1/18/2013,670,674,655.299988,662.849976,5056173
1/21/2013,660,663.400024,654.75,658.549988,2713680
1/22/2013,658.5,661,647.549988,653.75,2121532
1/23/2013,657,663,654.349976,656.599976,1769935
1/24/2013,655.599976,662.75,655.25,660.299988,1536990
1/25/2013,660.299988,667,655.549988,665.049988,1397433
1/28/2013,665.25,672,664.450012,670.349976,1842005
1/29/2013,670.75,670.900024,650,652.450012,2990437
1/30/2013,653,658.400024,644,656.650024,2509908
1/31/2013,656.599976,657.900024,640.099976,643.049988,3472096
2/1/2013,644.799988,644.849976,636.200012,640.150024,2621036
2/4/2013,641.150024,649.5,640,646.900024,2618950
2/5/2013,636.349976,647.200012,636.349976,644.150024,1865005
2/6/2013,646.599976,646.900024,637.200012,639.5,2468397
2/7/2013,636.299988,643,634.549988,641.5,2270709
2/8/2013,640.5,653.400024,640.5,650.049988,4706664
2/11/2013,650,659.950012,650,656.950012,3791765
2/12/2013,655.650024,667,655.650024,665.200012,3958209
2/13/2013,663.299988,667.400024,659.5,664.200012,3627208
2/14/2013,664,678.400024,662,674.799988,4421038
2/15/2013,671.700012,680.799988,668.200012,676.75,3122195
2/18/2013,678,680.900024,674,676,2367291
2/19/2013,674.5,677.400024,671.549988,674.799988,593703
2/20/2013,677.5,680.799988,674.900024,676.950012,1715421
2/21/2013,675,677.450012,664.049988,666.25,2717968
2/22/2013,662.200012,666.400024,657.549988,659.299988,1927096
2/25/2013,663.25,665.200012,654.099976,656.450012,1888236
2/26/2013,654.799988,663,645.400024,651.25,2935660
2/27/2013,652.299988,654,640.900024,642.75,3217834
2/28/2013,646.950012,654.950012,619.349976,625.349976,6971751
3/1/2013,625,629.599976,616.299988,622.5,4305182
3/4/2013,620.349976,630.299988,618,627.650024,2992450
3/5/2013,630.900024,634.700012,623.150024,632.950012,2639395
3/6/2013,634.950012,637.150024,629,630.5,2733329
3/7/2013,628.349976,642.950012,627.150024,641.799988,1487746
3/8/2013,644.200012,660,643.400024,657.299988,2649215
3/11/2013,657.299988,659.700012,650.25,655.25,2126146
3/12/2013,653,655.700012,640.099976,644,1723931
3/13/2013,641.049988,645.900024,632.200012,634.900024,1978343
3/14/2013,634.900024,653.5,615.349976,649.25,7978609
3/15/2013,645,649.900024,633.799988,639.400024,3859902
3/18/2013,633,654,630,643.299988,4390481
3/19/2013,643,643.799988,624,631.549988,5007115
3/20/2013,632,633.450012,621,625.5,2834109
3/21/2013,622.650024,628.799988,603.75,607,3613147
3/22/2013,609,614.599976,602.599976,605.25,7381475
3/25/2013,611,613.349976,607.549988,609.400024,6799744
3/26/2013,606,617.5,602.549988,614.5,3318601
3/28/2013,614.5,631.150024,606.950012,625.349976,4874023
4/1/2013,625.349976,629,621,623.849976,1677193
4/2/2013,625,634.299988,617.900024,629.900024,1714355
4/3/2013,628,631.650024,619.5,623.650024,1675904
4/4/2013,618.799988,623.400024,613.450012,616.150024,2045496
4/5/2013,614.950012,626.400024,613.400024,620.950012,3239980
4/8/2013,618.950012,628.950012,617.75,624.450012,2163032
4/9/2013,628.099976,628.099976,617.400024,620.599976,3690102
4/10/2013,626.799988,633.650024,618.950012,632,3786126
4/11/2013,632.5,642,631.900024,639.25,6266517
4/12/2013,636.099976,645.849976,636.099976,643.700012,3801520
4/15/2013,642.099976,643.450012,635,641.549988,3980942
4/16/2013,643,665.849976,642.349976,663.349976,3435078
4/17/2013,665,671.849976,656.799988,660.099976,3739237
4/18/2013,654,675.400024,654,673.599976,2305946
4/22/2013,673.599976,702,673.599976,698.299988,4965038
4/23/2013,698.799988,700,678.799988,689,5965890
4/25/2013,689,695,680.049988,689.549988,6473781
4/26/2013,687.650024,692.25,683,689.099976,2142186
4/29/2013,688.25,696.849976,686.5,695.150024,2918858
4/30/2013,694,695.950012,676.799988,682.299988,3138068
5/2/2013,682.299988,694,682.299988,692.5,3075817
5/3/2013,692.599976,694,678.650024,680.950012,3071646
5/6/2013,679,679.299988,669.950012,675.5,1918365
5/7/2013,676.299988,689.900024,672.5,688.049988,2774616
5/8/2013,689,699.5,686.5,697.150024,2163489
5/9/2013,699.049988,699.5,688.200012,690.049988,1130840
5/10/2013,688.700012,704.900024,688.650024,703.349976,3478314
5/13/2013,705,711.450012,690.799988,692.75,2398493
5/14/2013,690.049988,694.900024,685.099976,689.049988,1663419
5/15/2013,693.5,716,691.349976,714.849976,3543370
5/16/2013,712,724,711,722.799988,2915154
5/17/2013,722.5,722.5,709.200012,718.900024,3204963
5/20/2013,719.5,724,712.150024,714.5,1460402
5/21/2013,714,718,705.049988,707.799988,2301625
5/22/2013,707.5,712,698,703.450012,1353028
5/23/2013,699,706.450012,694.299988,698.599976,1976312
5/24/2013,705.75,705.75,694.299988,701.349976,2066060
5/27/2013,698.599976,717,698.599976,715.049988,2248802
5/28/2013,714.25,720.799988,706.799988,713.299988,1676979
5/29/2013,710.049988,718.450012,703.849976,715.950012,1233373
5/30/2013,710.099976,727.299988,710.099976,725.150024,3839364
5/31/2013,717.25,720.700012,697.700012,700.5,3083224
6/3/2013,698,701.400024,686.549988,689.150024,1972531
6/4/2013,687.299988,693.799988,681,683.049988,1404081
6/5/2013,682,694.400024,678.5,687.950012,1890919
6/6/2013,683.5,689.400024,678,682.200012,1779103
6/7/2013,681.75,693.400024,673.200012,676.150024,2389056
6/10/2013,681.049988,687,671.5,676.349976,1592003
6/11/2013,673.450012,680.900024,662.200012,664.900024,2955215
6/12/2013,662,673.400024,658.450012,663.950012,2453913
6/13/2013,657.599976,661,653.349976,655.099976,1787434
6/14/2013,662,668.450012,659.299988,665.049988,3741303
6/17/2013,665.599976,669.200012,657.349976,667.349976,3267727
6/18/2013,668,668,655,657.450012,3111642
6/19/2013,656.099976,666.599976,652.849976,665.200012,2411739
6/20/2013,658.849976,658.849976,634.599976,636.599976,3784511
6/21/2013,636.799988,642.549988,630.099976,635.25,4474961
6/24/2013,631.799988,633.849976,623.75,625.349976,2692013
6/25/2013,626,646.400024,622.400024,634,4671608
6/26/2013,631.5,637.650024,620,622.849976,2619005
6/27/2013,634,652.700012,622.349976,646.5,6750890
6/28/2013,649.5,673.200012,649.099976,669.5,5270670
7/1/2013,669,674,664.650024,668.75,2459671
7/2/2013,668.700012,668.75,654.299988,656.549988,2295788
7/3/2013,654,654.700012,643.599976,650.650024,3346565
7/4/2013,653.799988,657.450012,645.700012,655.150024,2397765
7/5/2013,660.099976,672.75,658.5,667.75,2385874
7/8/2013,664,667.450012,652.75,660.450012,1792324
7/9/2013,662.200012,673.75,662.200012,670.299988,1760048
7/10/2013,670.25,671.900024,656.150024,659.299988,1784645
7/11/2013,667,686.700012,666.049988,683.25,2649892
7/12/2013,687,697.700012,681.799988,695.75,3908713
7/15/2013,691,698.049988,684,695.450012,2127972
7/16/2013,679,684.5,669.950012,678.700012,2911846
7/17/2013,677.799988,680.799988,647.900024,662.900024,5658497
7/18/2013,669.900024,688.5,656.950012,684.099976,3415970
7/19/2013,688.049988,691.950012,673.150024,680,3114605
7/22/2013,676,687,676,682.049988,1615108
7/23/2013,687.900024,690,681.049988,683.599976,1853696
7/24/2013,674,676,653.5,659.950012,3657187
7/25/2013,660.650024,666,650.150024,653.849976,4066814
7/26/2013,656,656.25,638,644.099976,2339123
7/29/2013,643,643,629.650024,632.5,3730556
7/30/2013,630.75,635,620.099976,625.349976,3672771
7/31/2013,621,621.799988,606.900024,609.75,6706130
8/1/2013,613.900024,637.799988,612.400024,632.200012,5861652
8/2/2013,630,634.799988,626.849976,631.25,5003962
8/5/2013,631.549988,635.450012,615,632.700012,3399593
8/6/2013,631,631.349976,606.5,608.650024,4911295
8/7/2013,609.950012,614.349976,600,601.200012,5689114
8/8/2013,604,617.5,600,610.5,5115362
8/12/2013,610.5,610.799988,598.650024,602.200012,3925217
8/13/2013,603.849976,624.799988,598.150024,620.5,3675598
8/14/2013,622,623.650024,608.650024,621.349976,3575927
8/16/2013,621.349976,622,584.900024,587.900024,7014892
8/19/2013,587,588.599976,570.299988,584.700012,5004610
8/20/2013,574.950012,589.900024,566.5,584.75,6431746
8/21/2013,606,619.349976,590,593.349976,7227149
8/22/2013,589,603.700012,570,588.700012,7562673
8/23/2013,592,609.150024,588.299988,607.549988,5174611
8/26/2013,612.349976,622.799988,602.549988,611.299988,3651902
8/27/2013,597.299988,600,555.450012,561.900024,13677093
8/28/2013,555.700012,572,528,561.950012,9266888
8/29/2013,568,582.5,568,572.049988,10192751
8/30/2013,571,600,570.650024,594,9154229
9/2/2013,598,604.349976,582.5,589.5,4878929
9/3/2013,596.900024,596.900024,557.049988,562.549988,4535002
9/4/2013,567.450012,576.849976,559.150024,564.049988,5235450
9/5/2013,584,622.900024,584,609.5,8311562
9/6/2013,611,620,586.75,616.200012,4749304
9/10/2013,616.200012,641,616.200012,638,5074709
9/11/2013,633,650,625.549988,647.25,3172598
9/12/2013,642.5,646,627.599976,633.950012,4419134
9/13/2013,632.450012,634.5,621,629.200012,3875780
9/16/2013,637.5,648.900024,629,642.799988,3034804
9/17/2013,638,645,633.599976,642.25,2108022
9/18/2013,643.599976,654.900024,631.150024,650.5,2747404
9/19/2013,680,689.900024,676.299988,683.200012,7320226
9/20/2013,682.5,686.450012,635.25,659.049988,6181538
9/23/2013,651,652.349976,633.099976,641.950012,3496310
9/24/2013,633.049988,644.349976,629.950012,638.450012,4543797
9/25/2013,638,641.700012,613.200012,620.599976,5245230
9/26/2013,621.349976,626,618,621.150024,5645610
9/27/2013,622,624,605,608.900024,4102173
9/30/2013,606,612.849976,587.700012,593.049988,4265607
10/1/2013,598.799988,614.400024,589.349976,611.650024,3249277
10/3/2013,611.650024,639,610,636.200012,2443228
10/4/2013,635.5,647.400024,635,640.450012,3407094
10/7/2013,636.5,638.150024,618.25,634.299988,2480500
10/8/2013,650.5,654.549988,625.799988,632.650024,2942037
10/9/2013,625.200012,650.900024,623,649.150024,2167190
10/10/2013,649,649,633.349976,641.049988,2086321
10/11/2013,647.299988,663.75,639.349976,661.299988,3347566
10/14/2013,657.549988,669.299988,648.650024,667.5,3093930
10/15/2013,673,675,646.599976,652.450012,4035831
10/17/2013,652.450012,659.950012,642.549988,654.200012,3637897
10/18/2013,655.25,679.549988,655.25,676.599976,5320296
10/21/2013,674,678.799988,662.549988,671.25,2806356
10/22/2013,671,673.950012,665.200012,669,2189524
10/23/2013,669,669,653.799988,660.200012,3386239
10/24/2013,656.200012,675.75,656.200012,669.299988,3080482
10/25/2013,665.25,674.950012,663.150024,672.549988,2236718
10/28/2013,673,675,665.400024,667.900024,2095522
10/29/2013,668,689,655.549988,686.5,3805729
10/30/2013,686,687.5,675.75,679.349976,2547168
10/31/2013,676.200012,685.049988,673.400024,680.799988,4548889
11/1/2013,681.599976,688,678.200012,683.799988,3910611
11/5/2013,683.799988,685,673,676.25,3564618
11/6/2013,678.900024,679.200012,665.25,668.900024,1152663
11/7/2013,670,677.5,656.900024,665.400024,1947285
11/8/2013,663.400024,667.650024,644.650024,652.5,3370190
11/11/2013,644,660.700012,616.700012,654.25,2804076
11/12/2013,652.549988,663.049988,643.349976,645.950012,2245080
11/13/2013,639,647.450012,628.349976,633.700012,2640271
11/14/2013,638,649.900024,638,642.200012,3156715
11/18/2013,642.200012,670,642.200012,668.799988,3718480
11/19/2013,668.400024,668.400024,657.450012,660.049988,1697259
11/20/2013,656.700012,659,646.400024,649.549988,2092524
11/21/2013,644.549988,645.599976,635.150024,637.650024,3196914
11/22/2013,642.5,646.900024,635.099976,642.150024,1873096
11/25/2013,648.049988,661.75,648.049988,659.75,4037635
11/26/2013,657.700012,659.900024,648.400024,652.950012,3619629
11/27/2013,651.099976,658.75,644.099976,653.549988,2148253
11/28/2013,655.599976,663,648.049988,653.400024,3693433
11/29/2013,655,668.900024,655,661.299988,2392770
12/2/2013,662,665,658.049988,661.299988,1714653
12/3/2013,660,662.200012,652.650024,655.75,2572070
12/4/2013,654.900024,659.549988,653.450012,657.599976,2619152
12/5/2013,671.549988,689.900024,671.549988,688.099976,8004998
12/6/2013,684.900024,689.599976,678.25,682.700012,4017308
12/9/2013,710,717.400024,692.549988,696.650024,6316407
12/10/2013,692.349976,701.849976,690,696.700012,6266220
12/11/2013,690.099976,701.799988,686.900024,695.549988,3072444
12/12/2013,693.200012,700.549988,690.5,695.200012,3216924
12/13/2013,687.799988,702,685,689.950012,6329020
12/16/2013,688,690.900024,681.200012,684.349976,5358061
12/17/2013,675.650024,675.650024,654.049988,657.599976,4485661
12/18/2013,650.5,680.650024,649.549988,666.25,3521829
12/19/2013,679,683.950012,650.400024,652.549988,2504879
12/20/2013,657.799988,668.599976,650.099976,664.599976,1430617
12/23/2013,658,671.5,657,664.450012,1382808
12/24/2013,665.549988,666.5,655.049988,657.299988,888674
12/26/2013,657.299988,672.200012,656.900024,669.049988,2011690
12/27/2013,664.099976,675.450012,664.099976,669.650024,1366003
12/30/2013,676.799988,677,665.150024,669.5,1056901
12/31/2013,672.099976,672.299988,660.099976,665.849976,1315328
1/1/2014,668,669.799988,663,665.150024,1123109
1/2/2014,665,674.75,653.549988,657,1807248
1/3/2014,652,666,650,663.099976,1628296
1/6/2014,663,663,657,661.700012,1490855
1/7/2014,667.099976,670.950012,653.299988,664.400024,1974230
1/8/2014,665.200012,666.950012,660,664.700012,1162370
1/9/2014,663.200012,666.049988,657.099976,662.950012,944368
1/10/2014,662.950012,674.700012,656.299988,662.049988,1537627
1/13/2014,660.099976,676.950012,656.900024,672.849976,1188145
1/14/2014,669.049988,676,668.299988,672.299988,894280
1/15/2014,673,682.700012,669.599976,680.549988,1156960
1/16/2014,684.400024,685,670.349976,673.049988,1125294
1/17/2014,675,675,659.049988,665,10843714
1/20/2014,668.099976,676.700012,666.400024,670.049988,1400092
1/21/2014,672.950012,678.799988,670,676.099976,1562981
1/22/2014,675.5,684.700012,674.650024,677.099976,1758334
1/23/2014,675,681.099976,672.75,679.5,1370685
1/24/2014,670,674.950012,663.700012,673.400024,2210725
1/27/2014,664.900024,664.900024,645.599976,649.200012,4265112
1/28/2014,648,656,638.599976,644.450012,4598856
1/29/2014,647.5,650.900024,640.549988,645.450012,2742731
1/30/2014,637.5,639.900024,627.650024,631.799988,2856365
1/31/2014,630,636.299988,625.099976,628.5,2405246
2/3/2014,629.950012,634,625.099976,626.5,1194205
2/4/2014,621.650024,635.5,616.799988,630.599976,1852326
2/5/2014,631,639.799988,625.099976,637.450012,1726346
2/6/2014,638.75,649.599976,629.5,647,3366736
2/7/2014,652.400024,654.5,642.099976,647.75,1007367
2/10/2014,647.650024,650.150024,636,643.900024,1570205
2/11/2014,646,647.150024,639.299988,644.799988,1116214
2/12/2014,646.599976,652.799988,643.650024,645.450012,1609240
2/13/2014,646,648,631.25,632.5,788800
2/14/2014,634,643.849976,629.349976,641.799988,1062278
2/17/2014,642,652,641.099976,650.400024,912530
2/18/2014,648.5,664.400024,647.400024,660.400024,1254918
2/19/2014,656.200012,672.25,655,670.049988,1015237
2/20/2014,665.799988,667.450012,660.849976,662.75,862109
2/21/2014,659.849976,669.599976,659.700012,664.400024,760968
2/24/2014,662.099976,673,655.75,671,1254746
2/25/2014,674,676,666,671.099976,1005140
2/26/2014,670,679.200012,668.549988,677.400024,1137835
2/28/2014,677.400024,682.900024,665.150024,669.599976,1225896
3/3/2014,665.200012,672,663.200012,666.200012,919608
3/4/2014,666,673.849976,664.25,671.700012,1610967
3/5/2014,673.5,675,662.5,669.75,1001746
3/6/2014,673,677.700012,668.099976,675.599976,1237170
3/7/2014,679.599976,714.900024,676.200012,711.450012,5691892
3/10/2014,706.5,736.900024,700,734.450012,6530963
3/11/2014,734.5,740,719.549988,725.150024,3250118
3/12/2014,721.25,733,716.5,725.549988,1777554
3/13/2014,727.5,749.5,727.5,742.349976,2862113
3/14/2014,735,739.900024,724,732.150024,3052120
3/18/2014,732.150024,744.799988,728.299988,734,2025681
3/19/2014,740,743.299988,735.75,738.450012,1513784
3/20/2014,738.450012,738.450012,728,730.200012,1298771
3/21/2014,735.150024,737.5,731.200012,733.849976,1881398
3/24/2014,734.5,752.900024,734,750.650024,2928465
3/25/2014,750,760.549988,747.75,750.150024,2007773
3/26/2014,752.799988,756.299988,744.099976,746.049988,2352328
3/27/2014,750,760.75,742,746.75,6138733
3/28/2014,749.950012,754.099976,735.049988,744.950012,3040225
3/31/2014,747.950012,753,743.099976,748.799988,2065607
4/1/2014,751.5,753.549988,732.549988,738.099976,2012958
4/2/2014,744.950012,746,721.900024,731.900024,2599688
4/3/2014,736,738,726.25,728.799988,1389926
4/4/2014,725.549988,733,720.049988,725.450012,1855602
4/7/2014,725,732,723.099976,725.349976,2933289
4/9/2014,725.349976,744.900024,721.75,741.849976,2630096
4/10/2014,744.650024,748.650024,736,739.400024,1873698
4/11/2014,734.049988,744.799988,733.900024,738.150024,1301988
4/15/2014,738.150024,738.799988,718.099976,723.950012,2092967
4/16/2014,723.200012,731.799988,721.099976,725.950012,893098
4/17/2014,716.25,721.299988,707.299988,718.700012,3075582
4/21/2014,718.700012,726.5,713,716.450012,1746938
4/22/2014,721.900024,729.599976,717.400024,727.549988,2848956
4/23/2014,724.900024,739.450012,722.599976,733,5256336
4/24/2014,733,733,733,733,0
4/25/2014,733.150024,738,725,726.400024,1553111
4/28/2014,722.25,729.25,720.549988,725.200012,1220715
4/29/2014,726.400024,727.5,712.5,715.799988,1660309
4/30/2014,716,729.900024,711.650024,721.299988,2196730
5/2/2014,721.299988,727.549988,715.549988,717.099976,1478823
5/5/2014,719.849976,723.099976,714,716.700012,1298081
5/6/2014,720.200012,724.599976,714.099976,720.200012,1546140
5/7/2014,718.5,727,711.450012,715.599976,1649656
5/8/2014,717.150024,723,715.5,718.299988,1880107
5/9/2014,720,760,720,756.799988,4094111
5/12/2014,755.099976,794.849976,754.5,792.150024,4390340
5/13/2014,800,800,782.5,788.150024,3166304
5/14/2014,785,794.799988,774.25,775.450012,2125375
5/15/2014,769,791.150024,766.049988,788.349976,2366547
5/16/2014,800,854,787.650024,804.700012,8217092
5/19/2014,815.900024,835,808,811.900024,2630701
5/20/2014,816,821.599976,804.349976,816.049988,1589258
5/21/2014,812.349976,814.5,805,809.5,910597
5/22/2014,812,815,798,802.599976,1951614
5/23/2014,799,803,782.700012,789.650024,2454734
5/26/2014,799,804.049988,790,797.150024,4348808
5/27/2014,800,810.650024,788.349976,804.900024,1904881
5/28/2014,799.900024,826.75,799.5,823.450012,3588891
5/29/2014,822.599976,830.75,807.400024,810.25,3421002
5/30/2014,815,822.799988,730,792.75,8201886
6/2/2014,793.5,822.349976,793.5,819.400024,2020783
6/3/2014,823,827.849976,814,824.349976,906037
6/4/2014,822.400024,829.700012,815.099976,816.700012,716085
6/5/2014,811.799988,815.400024,801,805.450012,1918618
6/6/2014,813,821,801,815.25,2641319
6/9/2014,821.900024,830,815,819.450012,2334980
6/10/2014,821.150024,823.599976,810,816.650024,1249836
6/11/2014,817,829.849976,810,820.5,1935943
6/12/2014,824.5,844.950012,812.849976,839.849976,3183012
6/13/2014,844,856,831.650024,835.400024,3053221
6/16/2014,831,842.799988,830.299988,839,1327470
6/17/2014,836,848.799988,827.349976,846.549988,1747030
6/18/2014,847.099976,851.400024,828.75,834.849976,1343657
6/19/2014,837.099976,839.950012,822.200012,825.75,1180249
6/20/2014,826,831.75,819.349976,821.950012,742442
6/23/2014,824,826.549988,815.299988,821.450012,1460211
6/24/2014,825.349976,832.75,825,829,1266556
6/25/2014,829,833.200012,823,824.099976,1582656
6/26/2014,820,826.599976,808.650024,812.400024,5452066
6/27/2014,817.849976,822,814,816.200012,1285740
6/30/2014,819.900024,832.700012,819.900024,821.549988,1544025
7/1/2014,823,827.950012,815,823.299988,1910343
7/2/2014,830.799988,842,825.5,839.900024,1906681
7/3/2014,841,845.299988,831.349976,836.799988,1515685
7/4/2014,836.799988,858.950012,835.099976,856.650024,1407997
7/7/2014,859.900024,860.700012,835.849976,840.450012,2032992
7/8/2014,844,848.349976,820,829.25,1683068
7/9/2014,828,834.849976,818,830.299988,1448888
7/10/2014,830.299988,848,812.25,823.349976,2464386
7/11/2014,821.099976,831.450012,808.799988,811.799988,2299695
7/14/2014,815,820,807.150024,817.450012,1230402
7/15/2014,820.75,828.799988,816.5,826.799988,1523009
7/16/2014,829.5,838.5,817.900024,835.75,2397325
7/17/2014,838.700012,839,829.5,831.799988,1259775
7/18/2014,828.900024,836.799988,822,832.450012,1822108
7/21/2014,841.700012,846.950012,825.25,827.450012,2453414
7/22/2014,829.900024,842.650024,827,839.849976,1742588
7/23/2014,843.099976,845,835,836.299988,1962463
7/24/2014,836,844,833,842.25,1069650
7/25/2014,841,849.799988,834.150024,835.5,2666488
7/28/2014,838.5,839.799988,828,829.549988,971238
7/30/2014,829.549988,841.900024,826.849976,838.799988,1171345
7/31/2014,837.900024,839.900024,828.549988,834,2975336
8/1/2014,826.049988,827.799988,812,815.450012,1707115
8/4/2014,819,822.700012,807.099976,813,1840761
8/5/2014,817,823,809.900024,820.200012,1519276
8/6/2014,815.049988,819.549988,807.349976,810,845350
8/7/2014,812.900024,818.5,810,811.5,983435
8/8/2014,805,807.799988,795,796.150024,1862670
8/11/2014,801,802.849976,791.400024,792.950012,1406556
8/12/2014,801,808.5,792,807.200012,1650768
8/13/2014,810,815.75,802.650024,812.400024,1959955
8/14/2014,814.099976,831.650024,813.299988,826.700012,2968306
8/18/2014,826.700012,834.5,823.599976,832.349976,1675542
8/19/2014,833,837.5,822.25,823.849976,1973214
8/20/2014,829,834.599976,819,820.549988,2358713
8/21/2014,822,835.200012,821,832.5,1597620
8/22/2014,834.349976,848.75,828.049988,846.75,2503822
8/25/2014,843,852.799988,837.200012,843.450012,1664016
8/26/2014,844.5,848.5,838.099976,842.5,1041314
8/27/2014,846,846,834,836.599976,1213242
8/28/2014,837.5,845.5,834,843.549988,1997863
9/1/2014,843.549988,849,838.599976,841.200012,1038664
9/2/2014,843.099976,861.099976,838.650024,859.200012,2860563
9/3/2014,865,865,851.599976,856.650024,2308695
9/4/2014,858.049988,859,848.5,851.849976,1601742
9/5/2014,852,855.549988,844.099976,848.450012,958802
9/8/2014,851,867.799988,849.450012,864.75,2447086
9/9/2014,860.099976,869.900024,857.799988,865.599976,1915261
9/10/2014,865,865,854.099976,857.299988,1078563
9/11/2014,857.400024,863.099976,853,854.349976,1633216
9/12/2014,850.099976,858,848.950012,855.700012,1521639
9/15/2014,850,865,850,860.349976,1452272
9/16/2014,861,862.049988,848,851,1269067
9/17/2014,855,855.900024,842.099976,846.400024,1976474
9/18/2014,844.75,861,842.25,858.150024,1663142
9/19/2014,860,865,851.400024,860.25,1635527
9/22/2014,856.950012,858.5,851,856.849976,1633579
9/23/2014,856.049988,857.849976,845.599976,848.849976,1179244
9/24/2014,847.099976,857.299988,845.049988,855.450012,1666374
9/25/2014,853,865.599976,842.099976,849.950012,4148990
9/26/2014,849.950012,879,845,871.650024,2470563
9/29/2014,873,877.349976,861.200012,865.099976,2170567
9/30/2014,864.200012,879.799988,861.150024,872.650024,3008858
10/1/2014,866,871.150024,860.5,868,1467547
10/7/2014,868,868,854.099976,862.450012,1256572
10/8/2014,860.549988,870,858.299988,867.599976,785096
10/9/2014,874,892.950012,868.25,887.599976,1912605
10/10/2014,883.049988,885.150024,864.900024,867.299988,1066745
10/13/2014,864,878,855.650024,876.799988,1344128
10/14/2014,885,885.950012,865.150024,868.349976,1816560
10/15/2014,868.349976,868.349976,868.349976,868.349976,0
10/16/2014,868.400024,874,855.049988,858.849976,1383271
10/17/2014,860.25,888.099976,857.099976,885.25,2494480
10/20/2014,894,909.599976,890.150024,893.799988,2383001
10/21/2014,900,905.75,887.650024,895.549988,4009288
10/22/2014,905.049988,906.349976,891.25,893.650024,1142886
10/27/2014,893.650024,907.299988,893.650024,897.25,1681192
10/28/2014,899,900.200012,894,895.299988,1450873
10/29/2014,900.200012,902.5,890,891.549988,1974047
10/30/2014,889.900024,899.950012,887.099976,896.650024,2684545
10/31/2014,900.099976,914.599976,897.349976,911.849976,2526497
11/3/2014,915.200012,919.299988,905.400024,910.700012,1809912
11/5/2014,910.700012,920.299988,910.25,912.799988,1881045
11/7/2014,912.799988,912.799988,893.650024,899.450012,2257123
11/10/2014,899.5,908.349976,893,904.650024,1597439
11/11/2014,905.900024,917.299988,902.400024,907.900024,1478352
11/12/2014,911,919.900024,904.150024,911.75,2264666
11/13/2014,915.5,920,903.900024,915.950012,1847238
11/14/2014,918.200012,933,911.75,930.099976,2109514
11/17/2014,930,934,908,918.950012,3366021
11/18/2014,921,935,912,932.200012,2297278
11/19/2014,935.049988,937.700012,922.150024,926.549988,863712
11/20/2014,927.950012,927.950012,912.099976,918.200012,1192593
11/21/2014,921.200012,935,914.049988,932.849976,2205952
11/24/2014,932.349976,950,928.099976,945.200012,1829215
11/25/2014,943,958.799988,939,953.549988,3039127
11/26/2014,939.799988,959.900024,933.299988,951.299988,2244107
11/27/2014,950.599976,953.799988,943,948.150024,3302862
11/28/2014,948,965.900024,947,957.150024,2312965
12/1/2014,958.299988,962.450012,948.200012,950,1847282
12/2/2014,941.75,949.599976,939.200012,943.299988,1129389
12/3/2014,942,944.049988,932,933.099976,1665296
12/4/2014,940,944.25,932,941.400024,1709776
12/5/2014,941,944.400024,935.700012,942.75,1018545
12/8/2014,945,945,925,927.150024,1014282
12/9/2014,925.049988,935,925.049988,926.75,1218336
12/10/2014,926.099976,935,925.299988,931.400024,1391358
12/11/2014,929.900024,935.75,925,933.599976,1204711
12/12/2014,933,936.200012,929,931.5,1154207
12/15/2014,930,944.299988,928,941.5,1659657
12/16/2014,937.549988,942,917,925.75,1247489
12/17/2014,926,932.5,916,921.849976,1766004
12/18/2014,932.599976,936.5,922.049988,934.049988,1623457
12/19/2014,945.049988,949,932.5,941.450012,1528527
12/22/2014,954,966.099976,942.5,963.700012,2073903
12/23/2014,959.700012,973.950012,955.349976,959.75,1886020
12/24/2014,957.900024,964.799988,941.099976,945.25,4166203
12/26/2014,945.25,952.950012,942.549988,948.650024,841620
12/29/2014,950.099976,956,948.299988,951.700012,903700
12/30/2014,950,959.599976,942.75,956.450012,1420300
12/31/2014,956,957.299988,949.75,951.599976,1248132
1/1/2015,951,954.400024,945.049988,952.049988,886235
1/2/2015,950.400024,969.299988,950.400024,965.299988,1475096
1/5/2015,970,970.549988,955.099976,957.150024,1199000
1/6/2015,954,956.549988,937.549988,942.25,2054920
1/7/2015,939.700012,951.349976,936.25,945,1436528
1/8/2015,954.25,968.950012,948.200012,964.849976,2381456
1/9/2015,972.900024,980,966.599976,975.650024,2246296
1/12/2015,969.400024,974.400024,964.5,967.049988,1031603
1/13/2015,968.950012,971.950012,955.700012,963.349976,1457087
1/14/2015,960.049988,974.650024,959.700012,963.900024,921308
1/15/2015,990,998.200012,970.75,993.150024,2849619
1/16/2015,1002.200012,1014.900024,998.549988,1001.349976,1955327
1/19/2015,1013.25,1020,1002.950012,1004.549988,1059873
1/20/2015,1010,1027,1002,1020.950012,2126451
1/21/2015,1027.400024,1032.949951,1018.349976,1019.950012,1685153
1/22/2015,1025,1032.5,1018.549988,1021.25,1617670
1/23/2015,1030,1048,1024.400024,1042.800049,2496978
1/27/2015,1042.800049,1077.75,1040.900024,1074.050049,2490600
1/28/2015,1070,1093.199951,1055,1058.349976,2841235
1/29/2015,1075,1100.599976,1061,1095,5141904
1/30/2015,1094.550049,1094.550049,1064.25,1077.349976,2642604
2/2/2015,1068.5,1093,1052.349976,1081.599976,1427588
2/3/2015,1078.5,1082.199951,1055.300049,1064.099976,2550172
2/4/2015,1063,1080.800049,1057.25,1067.699951,1549378
2/5/2015,1075,1092.800049,1070.349976,1076.5,2014787
2/6/2015,1077,1078.949951,1050.050049,1053.5,1725780
2/9/2015,1047,1051.75,1034.5,1040.099976,1307974
2/10/2015,1030,1062.300049,1030,1054.449951,2318938
2/11/2015,1058,1064.800049,1053,1058.400024,1040397
2/12/2015,1065.099976,1081.900024,1052.699951,1076,1381435
2/13/2015,1081.199951,1082,1063.599976,1065.800049,1928625
2/16/2015,1075.800049,1085,1062.5,1067.550049,1847179
2/18/2015,1067.550049,1082.949951,1057.050049,1074.800049,1345423
2/19/2015,1074,1084.900024,1063.800049,1079.800049,1126751
2/20/2015,1083,1089.900024,1068.5,1073.050049,1551506
2/23/2015,1077.099976,1081.550049,1062,1067.5,1395391
2/24/2015,1070.300049,1071,1057.099976,1067.650024,1461572
2/25/2015,1070,1074.800049,1050,1052.449951,1162131
2/26/2015,1053.650024,1056,1035.099976,1038.150024,3106736
2/27/2015,1045.449951,1058.550049,1045.449951,1054,2565446
3/2/2015,1080.349976,1099,1068,1082.550049,3596308
3/3/2015,1086.449951,1092,1077.050049,1083.349976,1507337
3/4/2015,1105,1109.300049,1060,1065.300049,3069406
3/5/2015,1065,1090,1062.5,1085.099976,2425613
3/9/2015,1085.099976,1085.099976,1056,1059,1438952
3/10/2015,1062,1062.25,1045,1052.550049,1283709
3/11/2015,1050.900024,1061.900024,1050,1056.449951,1366384
3/12/2015,1060.099976,1063.900024,1051.099976,1054.599976,1882709
3/13/2015,1060,1064,1034.599976,1042.650024,1356695
3/16/2015,1045,1057.900024,1042.5,1051.550049,1337193
3/17/2015,1060,1065.900024,1042.849976,1058.050049,1342326
3/18/2015,1060.150024,1071.900024,1053.199951,1063.550049,1287083
3/19/2015,1071,1073.800049,1048.699951,1052.199951,1343393
3/20/2015,1051,1059.5,1045.949951,1055.900024,1620809
3/23/2015,1055.949951,1059.400024,1046,1047.75,1361685
3/24/2015,1043.300049,1057,1035.449951,1037.949951,2243391
3/25/2015,1040.050049,1046.699951,1031.099976,1034.25,2652225
3/26/2015,1026.900024,1032.199951,1002.099976,1006.950012,8950155
3/27/2015,1014.950012,1023.549988,1008.099976,1014.650024,2710224
3/30/2015,1020,1039,1012.799988,1036.900024,1738786
3/31/2015,1039.900024,1039.900024,1014.849976,1022.700012,1490564
4/1/2015,1026.099976,1036.849976,1013,1033.25,961049
4/6/2015,1033.25,1036.849976,1019.799988,1031.949951,1787793
4/7/2015,1033.25,1038.199951,1023.650024,1032.75,1549268
4/8/2015,1040.050049,1042.449951,1030.050049,1035.550049,1026536
4/9/2015,1038.25,1059,1030,1056.099976,1750696
4/10/2015,1053,1053,1034.849976,1042.650024,1529831
4/13/2015,1040,1046.300049,1034.800049,1038.800049,1140809
4/15/2015,1038.800049,1048.699951,1025.199951,1031.650024,1223499
4/16/2015,1028,1033.550049,1018,1029.650024,1402530
4/17/2015,1025.099976,1027.849976,1016.049988,1018.25,1012253
4/20/2015,1020,1025,1002.599976,1005.099976,1297220
4/21/2015,1005,1014.400024,995.599976,1003,1627686
4/22/2015,1006.5,1021,993.5,1013.099976,1691484
4/23/2015,1020.049988,1024.199951,1006.099976,1013.5,2406957
4/24/2015,1018.900024,1019,1000.349976,1006.450012,1801311
4/27/2015,1006.950012,1012.5,996,1005.450012,1842676
4/28/2015,999.549988,1011.450012,990.099976,1004.549988,1985527
4/29/2015,1004,1009.5,988,993.150024,1965891
4/30/2015,991,995,979.049988,988.799988,3785921
5/4/2015,988.799988,1009.5,988.799988,1000.950012,785362
5/5/2015,999.049988,1003.900024,985.849976,987.650024,1284501
5/6/2015,987.5,987.5,965.5,970.599976,2751924
5/7/2015,968,970,944.200012,951.299988,2934166
5/8/2015,961.5,987.799988,955.400024,982,2892983
5/11/2015,986.049988,992.75,974.049988,990.299988,1682836
5/12/2015,990,990,967,971.950012,2776892
5/13/2015,975.849976,993.400024,971.599976,990.25,1947962
5/14/2015,989,994.849976,974,991.049988,1113797
5/15/2015,994.900024,997.549988,984.200012,990.099976,2038406
5/18/2015,996,1012,992,1009.849976,1428326
5/19/2015,1006.349976,1018,998.099976,1007.549988,1196587
5/20/2015,1009.650024,1026.800049,1009.549988,1024.050049,1002210
5/21/2015,1024,1030,1015.099976,1024.699951,983595
5/22/2015,1024.699951,1029,1018.349976,1024.300049,1172384
5/25/2015,1028.400024,1031,1017.599976,1023.549988,1092265
5/26/2015,1024.449951,1030.199951,1018.049988,1027.400024,1226586
5/27/2015,1023.799988,1040,1021.400024,1038.150024,804648
5/28/2015,1039.050049,1043.699951,1022.200012,1029.400024,2390290
5/29/2015,1029.949951,1054,1027.150024,1050.550049,1264670
6/1/2015,1048.949951,1056,1031,1036.199951,960330
6/2/2015,1038.400024,1040.300049,1004.900024,1008.799988,1181502
6/3/2015,1009,1017,998,1005.549988,1456208
6/4/2015,1008.849976,1017.849976,995,1014.950012,1389397
6/5/2015,1010.25,1018.5,1002.5,1011.75,1688465
6/8/2015,1004.25,1012.25,995.549988,1003.450012,952999
6/9/2015,1005,1006,997.099976,1001.849976,1510065
6/10/2015,998,1019,997,1015.599976,1996562
6/11/2015,1017.599976,1018.549988,994.700012,1000.200012,2273544
6/12/2015,1001,1010.849976,990.150024,1009.150024,1632086
6/15/2015,1002,1013.75,1000,1005.200012,1499957
6/16/2015,1000,1010.450012,997.049988,1008.400024,1502631
6/17/2015,1009,1013.5,999.5,1004.700012,2421567
6/18/2015,1005.900024,1023.799988,1002.25,1019.599976,2107929
6/19/2015,1024.800049,1034.949951,1013.150024,1030.5,935581
6/22/2015,1032.099976,1056.900024,1028.5,1047.150024,1362413
6/23/2015,1052,1061.199951,1042.5,1052.099976,1413795
6/24/2015,1054,1057.800049,1042.699951,1045.800049,1566849
6/25/2015,1048.25,1070.849976,1042.650024,1065,4143392
6/26/2015,1067,1070.949951,1051.5,1062.849976,1411876
6/29/2015,1044.900024,1061.75,1030.5,1056.650024,1621959
6/30/2015,1052.25,1072,1048,1067.150024,1822534
7/1/2015,1061.349976,1077,1060.050049,1072.349976,1242797
7/2/2015,1065,1067.699951,1055.650024,1058.199951,1120861
7/3/2015,1054.050049,1076.150024,1054.050049,1074.25,1009822
7/6/2015,1064.050049,1085,1060.25,1083.5,816945
7/7/2015,1078.5,1091.5,1078.5,1086.849976,1035368
7/8/2015,1079.099976,1080.599976,1066,1068.849976,1350169
7/9/2015,1062.699951,1076.900024,1060.099976,1074.050049,699491
7/10/2015,1069.800049,1095,1068.5,1090.75,1225022
7/13/2015,1085,1105.900024,1085,1096.150024,1769021
7/14/2015,1095.5,1101.900024,1086,1091.849976,1418529
7/15/2015,1093,1101.449951,1090.800049,1096.699951,962351
7/16/2015,1098.800049,1119,1098.099976,1114.699951,1827606
7/17/2015,1119.400024,1121.75,1105.599976,1110.550049,877747
7/20/2015,1115.949951,1119,1107,1115.25,1137817
7/21/2015,1116.550049,1128,1093.099976,1098.050049,2757034
7/22/2015,1096.400024,1117.050049,1088.650024,1114.400024,1821600
7/23/2015,1112.900024,1116.699951,1100.099976,1107.900024,1270793
7/24/2015,1103.150024,1115,1100.5,1107.849976,1190252
7/27/2015,1103.900024,1104.5,1070,1095.849976,832143
7/28/2015,1094,1113.900024,1092.449951,1108.5,1586418
7/29/2015,1105.099976,1117.900024,1105.050049,1108.349976,985758
7/30/2015,1107,1117,1101.099976,1110.550049,2365547
7/31/2015,1115.599976,1121,1103,1111.650024,1412375
8/3/2015,1112.75,1117.5,1093.449951,1095.400024,1086432
8/4/2015,1098.099976,1102,1081.949951,1086.449951,1347732
8/5/2015,1092.150024,1097.699951,1085.199951,1092.199951,1030695
8/6/2015,1091.900024,1101.349976,1085.449951,1095.949951,935928
8/7/2015,1093.949951,1097.5,1088.599976,1092.650024,806785
8/10/2015,1095,1105.949951,1088,1094.650024,988594
8/11/2015,1095.050049,1098.849976,1084.25,1094.699951,681922
8/12/2015,1088.400024,1094.900024,1067.699951,1070.449951,1501435
8/13/2015,1077,1082.699951,1066.599976,1077.550049,866263
8/14/2015,1083.099976,1103.650024,1079.900024,1101.800049,900415
8/17/2015,1099.050049,1101.800049,1075.800049,1091.5,625053
8/18/2015,1091.599976,1096.099976,1078.449951,1086.349976,464329
8/19/2015,1084.849976,1087,1075,1081.849976,751144
8/20/2015,1068,1084.75,1068,1074.699951,761213
8/21/2015,1064,1072.949951,1051,1061.300049,1939743
8/24/2015,1044.699951,1044.699951,1011.25,1019.049988,3671582
8/25/2015,1024.699951,1032.300049,1005.700012,1018.450012,3086980
8/26/2015,1017.400024,1029,1009,1013.5,1393250
8/27/2015,1025,1034.449951,1009.099976,1022.099976,3468358
8/28/2015,1031.050049,1042.75,1019.400024,1027.949951,1388284
8/31/2015,1021.099976,1032.900024,1015.549988,1027.449951,860365
9/1/2015,1021.299988,1021.299988,993,1000.099976,2617286
9/2/2015,1005.099976,1013.950012,985,995.150024,2170422
9/3/2015,1002.299988,1015,999,1010.299988,1626842
9/4/2015,1002.200012,1006,980,996.049988,2851148
9/7/2015,1001,1009.799988,980,984.450012,1345435
9/8/2015,986.700012,1010,977,1004.049988,1861122
9/9/2015,1014.5,1025,1005,1016.299988,1638280
9/10/2015,1003,1016.950012,996.299988,1011,1115935
9/11/2015,1014.5,1020,1006.799988,1010.5,1075440
9/14/2015,1008.849976,1022.299988,1003.5,1019.700012,1265086
9/15/2015,1017.950012,1019.650024,1008.099976,1013.150024,1083182
9/16/2015,1018.900024,1028.099976,1011.549988,1023.349976,1063513
9/18/2015,1023.349976,1062,1023.349976,1049.75,1960292
9/21/2015,1037.949951,1055,1036.349976,1052.949951,1069172
9/22/2015,1050.050049,1060,1025.300049,1030.650024,1506303
9/23/2015,1019.200012,1053.449951,1018.650024,1049.199951,1290288
9/24/2015,1047,1054,1036,1051.400024,2063209
9/28/2015,1051.400024,1060,1043.099976,1046.400024,1444277
9/29/2015,1032,1073.900024,1025.099976,1064.800049,2604710
9/30/2015,1068,1073,1061.349976,1068.800049,2256949
10/1/2015,1075.199951,1076.900024,1059.349976,1067.650024,1258697
10/5/2015,1067.650024,1104.800049,1067.650024,1098.349976,2013343
10/6/2015,1107,1107.900024,1083,1085.949951,1189741
10/7/2015,1088,1098.349976,1083.349976,1087.75,1096567
10/8/2015,1088.099976,1090.699951,1075.400024,1083.099976,970477
10/9/2015,1095,1095,1080.199951,1086.150024,860807
10/12/2015,1087.699951,1095.5,1077.800049,1080.550049,554335
10/13/2015,1075.550049,1082.150024,1073.199951,1076.349976,455913
10/14/2015,1068.800049,1086.5,1067.050049,1084.75,687287
10/15/2015,1085.699951,1096.5,1081,1084.150024,981488
10/16/2015,1090,1101.5,1085,1100.050049,1210922
10/19/2015,1100,1102.099976,1094.300049,1097.800049,663555
10/20/2015,1098,1102.900024,1091.199951,1094.900024,962839
10/21/2015,1098.900024,1104,1085,1095,1818301
10/23/2015,1095,1113.699951,1095,1108.5,1116762
10/26/2015,1113.949951,1114.199951,1097,1101.5,1221996
10/27/2015,1095.550049,1114,1095.550049,1110.900024,2246008
10/28/2015,1105.050049,1124,1105.050049,1111.5,1923690
10/29/2015,1110,1114.5,1100,1103.550049,1675592
10/30/2015,1102,1112,1090.449951,1099.599976,2024365
11/2/2015,1095.050049,1095.900024,1076.5,1083.099976,789138
11/3/2015,1090.949951,1092,1079.199951,1084.900024,637148
11/4/2015,1090.050049,1098.099976,1078.25,1081.699951,674111
11/5/2015,1078.5,1083,1069.5,1079.849976,899238
11/6/2015,1080.699951,1089,1075.25,1080.900024,1470251
11/9/2015,1058,1069.650024,1051,1064.800049,2857358
11/10/2015,1060.050049,1065,1052.449951,1054.599976,1100645
11/13/2015,1054.599976,1055,1041,1052.050049,985007
11/16/2015,1048.75,1065,1045.25,1060.949951,1183683
11/17/2015,1063.300049,1063.800049,1051.199951,1060.800049,641851
11/18/2015,1061.699951,1065.849976,1046.300049,1048.599976,611680
11/19/2015,1055,1070.949951,1049.599976,1068.900024,819420
11/20/2015,1064.900024,1080.25,1060,1070.849976,1162040
11/23/2015,1074,1075.5,1059.050049,1066.050049,852070
11/24/2015,1065.25,1073.5,1062.099976,1064.349976,1000563
11/26/2015,1064.349976,1067,1051.099976,1063.949951,2197871
11/27/2015,1064.849976,1082.199951,1060.949951,1079.400024,1731268
11/30/2015,1079.199951,1081,1069.699951,1077.75,1311944
12/1/2015,1077.050049,1084.900024,1073.5,1083,473833
12/2/2015,1090,1092.699951,1071.849976,1077.800049,640571
12/3/2015,1072.5,1081,1067.300049,1076.75,951928
12/4/2015,1073.599976,1073.599976,1056,1058.900024,1464957
12/7/2015,1068.199951,1071.099976,1061.099976,1061.949951,1453702
12/8/2015,1061,1061.900024,1047,1049.25,1225665
12/9/2015,1047.099976,1057,1044.849976,1047.449951,972654
12/10/2015,1045,1063.199951,1042.300049,1060.599976,1628585
12/11/2015,1060,1060.599976,1042,1046.349976,758480
12/14/2015,1041,1059.849976,1040.099976,1055.050049,1469504
12/15/2015,1053,1062.449951,1045.300049,1059.449951,1139354
12/16/2015,1063,1073.349976,1059.349976,1067.300049,1710692
12/17/2015,1073.900024,1084,1065,1080.25,1219503
12/18/2015,1085,1085,1068.5,1073,793032
12/21/2015,1071.75,1079.900024,1069.050049,1075.400024,774375
12/22/2015,1074.5,1076.5,1064,1066.449951,607384
12/23/2015,1072.599976,1077.949951,1069.150024,1074.099976,753492
12/24/2015,1076.199951,1076.400024,1068.300049,1074,536588
12/28/2015,1074,1079.900024,1067.75,1077.25,1938857
12/29/2015,1078.949951,1079.849976,1071.300049,1077.949951,1057903
12/30/2015,1080,1081.949951,1072.550049,1074.300049,528140
12/31/2015,1075,1084.900024,1075,1082.150024,2322502
1/1/2016,1082.400024,1090.25,1076.150024,1088.75,798769
1/4/2016,1084,1084,1068.099976,1070.5,1296884
1/5/2016,1070.199951,1074.800049,1061.349976,1062.400024,790218
1/6/2016,1056.650024,1076.75,1056.650024,1067.099976,1041384
1/7/2016,1060.099976,1064.900024,1049.699951,1056.199951,1513857
1/8/2016,1061.949951,1064.5,1057.25,1062.349976,872089
1/11/2016,1052.050049,1061,1045.300049,1058.599976,822228
1/12/2016,1063.900024,1063.900024,1043.5,1046.949951,1064684
1/13/2016,1052,1062.75,1037,1060.150024,1128787
1/14/2016,1050.150024,1057.400024,1039.5,1049.75,1569796
1/15/2016,1048,1055.449951,1038.099976,1042.150024,1354315
1/18/2016,1035.650024,1041.449951,1021,1025.849976,1623847
1/19/2016,1027.199951,1037.550049,1026.300049,1035.800049,1601303
1/20/2016,1025,1108,1007.900024,1018.299988,2390897
1/21/2016,1021,1033.25,1013.400024,1023,1575201
1/22/2016,1025.699951,1044.25,1022.049988,1030.300049,1059071
1/25/2016,1039.949951,1046.699951,1033.050049,1041.150024,2535971
1/27/2016,1041.150024,1048.699951,1033,1035.650024,1009867
1/28/2016,1039,1046.900024,1030,1031.699951,2487993
1/29/2016,1035.199951,1054.949951,1035.199951,1049.849976,1340046
2/1/2016,1058,1067,1053.699951,1059.75,1152371
2/2/2016,1065,1065.25,1050.199951,1053.800049,1632157
2/3/2016,1044.5,1051.400024,1042,1043.849976,1212561
2/4/2016,1048,1054.900024,1045.550049,1049.199951,1418998
2/5/2016,1052.800049,1063.800049,1045.599976,1055.25,1880976
2/8/2016,1055,1058,1030.300049,1035.849976,870481
2/9/2016,1026.699951,1031.550049,1020.650024,1026.050049,1383865
2/10/2016,1023.900024,1030.150024,1010.099976,1012.950012,1920570
2/11/2016,1010,1013,968.200012,975.299988,2200900
2/12/2016,979,986.450012,966,971.400024,3135536
2/15/2016,980,988.25,971.099976,973.599976,2728240
2/16/2016,981.5,982,962,973.450012,1784024
2/17/2016,976.900024,979.900024,959,974.900024,1875981
2/18/2016,986,991.25,977,989.450012,1699964
2/19/2016,988.75,992.599976,973.5,989.299988,832165
2/22/2016,983,996,983,988.75,1000599
2/23/2016,984.900024,985.5,966,970.049988,1519580
2/24/2016,960,962.900024,946.400024,949.599976,1615867
2/25/2016,954,957.25,938.200012,942.650024,2115799
2/26/2016,950,971,945,961,1552347
2/29/2016,961.099976,982.599976,928,971.849976,2203188
3/1/2016,974.950012,986.75,971.849976,984.150024,1080640
3/2/2016,998,1010.900024,995,1007.200012,1589744
3/3/2016,1010.75,1020,1010,1015.849976,1152600
3/4/2016,1015.450012,1024.900024,993.099976,1020.549988,1426156
3/8/2016,1020.549988,1024,1009.5,1014.150024,478422
3/9/2016,1013,1029.900024,1006.75,1024.800049,1632043
3/10/2016,1024.800049,1025.75,1010.099976,1021.25,667848
3/11/2016,1019.900024,1030.800049,1013,1028.699951,1182714
3/14/2016,1028,1037.949951,1025.25,1027.550049,752164
3/15/2016,1027.900024,1033.400024,1021.650024,1026.699951,1922509
3/16/2016,1027,1034.25,1018.950012,1030.449951,1200887
3/17/2016,1034.949951,1039,1011.150024,1018.400024,1278371
3/18/2016,1022.950012,1032,1015.349976,1028.400024,1033767
3/21/2016,1033,1047.349976,1032.25,1045.599976,1329699
3/22/2016,1046.5,1056.599976,1040.699951,1053.849976,1030066
3/23/2016,1053.050049,1053.050049,1040.550049,1049.349976,2116075
3/28/2016,1049.349976,1053,1041.650024,1047.5,2817717
3/29/2016,1047.5,1059.5,1044.25,1053.800049,1683488
3/30/2016,1058,1069.900024,1053.900024,1064.949951,1953595
3/31/2016,1066.849976,1078.900024,1065.050049,1071.150024,5020098
4/1/2016,1068.800049,1076.400024,1056.800049,1064.449951,1289662
4/4/2016,1065.199951,1072.800049,1064,1069.050049,1544990
4/5/2016,1069,1076.900024,1055.650024,1057.449951,1665757
4/6/2016,1061,1066.949951,1056.75,1061.5,1073844
4/7/2016,1064,1064.75,1047.050049,1055.5,977923
4/8/2016,1055,1063.349976,1054.25,1059.349976,740699
4/11/2016,1060.300049,1074.099976,1042.849976,1070.949951,1012405
4/12/2016,1069.599976,1071,1059.25,1063,1235370
4/13/2016,1072,1084.949951,1069.5,1081.75,1243651
4/18/2016,1081.75,1092,1071.599976,1087.800049,1029267
4/20/2016,1087.800049,1100,1083.550049,1097.849976,955338
4/21/2016,1095,1105.150024,1089,1091.150024,2047932
4/22/2016,1089.5,1100.849976,1085.199951,1092.150024,1952330
4/25/2016,1100,1100,1084.5,1093.25,1390490
4/26/2016,1095,1115,1092.5,1113.849976,1763449
4/27/2016,1109.849976,1125,1109,1124.199951,1440909
4/28/2016,1124.199951,1136.699951,1110.349976,1113.949951,2022396
4/29/2016,1113.800049,1136,1106.199951,1132.349976,1402985
5/2/2016,1127.75,1130,1116,1117.650024,965679
5/3/2016,1121.900024,1135,1113.150024,1118,1173824
5/4/2016,1117.5,1134.5,1114.25,1127.349976,1323082
5/5/2016,1128,1134.75,1122.699951,1132.300049,1303562
5/6/2016,1132,1132.25,1117.25,1119.650024,683288
5/9/2016,1120,1144.949951,1119,1141.400024,1738295
5/10/2016,1143.5,1147.5,1136.099976,1144.900024,1363250
5/11/2016,1134.699951,1145,1129.699951,1138.800049,1536843
5/12/2016,1144,1152,1132.5,1149.099976,1055422
5/13/2016,1148,1148,1130,1140.900024,1261329
5/16/2016,1145,1165.900024,1132.550049,1162.800049,1129692
5/17/2016,1165.050049,1169.25,1151.300049,1153.449951,1073856
5/18/2016,1151,1151,1131.5,1140.650024,1040661
5/19/2016,1140.099976,1142.699951,1132,1139.300049,963949
5/20/2016,1139.949951,1148.5,1133.599976,1140.900024,504158
5/23/2016,1141.949951,1149.949951,1133.199951,1136.75,865883
5/24/2016,1138.400024,1143.650024,1135.550049,1139.949951,814867
5/25/2016,1146.300049,1175.949951,1146.300049,1173.300049,1441837
5/26/2016,1176.099976,1188.900024,1166.25,1183.25,3426390
5/27/2016,1183.25,1190,1176.699951,1186.800049,1443796
5/30/2016,1187,1195,1178.099976,1179.75,953633
5/31/2016,1185.900024,1185.900024,1177.400024,1181.900024,1378910
6/1/2016,1182.949951,1182.949951,1171,1175.150024,1418908
6/2/2016,1174.699951,1180.599976,1171,1174.949951,1977654
6/3/2016,1180.099976,1185,1169.050049,1171.75,1131105
6/6/2016,1176,1182.400024,1170.050049,1171.099976,1386827
6/7/2016,1176.949951,1180,1167.650024,1173.699951,1407126
6/8/2016,1175.800049,1178,1161,1162.599976,1185703
6/9/2016,1162.5,1164.199951,1152.5,1159.400024,1162046
6/10/2016,1158.400024,1172.699951,1156.199951,1161.349976,1580578
6/13/2016,1154.75,1164.949951,1151.050049,1152.900024,830809
6/14/2016,1155,1157,1144.25,1151.849976,957192
6/15/2016,1155,1170.900024,1153.199951,1169.550049,761456
6/16/2016,1166.550049,1168.849976,1155.349976,1162.150024,1181942
6/17/2016,1167,1178,1165.550049,1170,940413
6/20/2016,1159,1179.25,1158.800049,1172.050049,685691
6/21/2016,1175,1175.449951,1161.199951,1166.650024,667742
6/22/2016,1166,1175,1166,1171.5,950960
6/23/2016,1169.800049,1191.849976,1167.5,1190.099976,981683
6/24/2016,1159.849976,1171.900024,1147,1161.900024,2793491
6/27/2016,1162,1169,1153.050049,1159.949951,1040947
6/28/2016,1161.25,1173.099976,1150,1166.949951,1008745
6/29/2016,1165,1169.5,1159.699951,1168.300049,1355167
6/30/2016,1171,1180,1162.150024,1176.449951,4069723
7/1/2016,1180,1185,1171.800049,1174.5,1076219
7/4/2016,1178.199951,1179.5,1171.400024,1172.800049,1812463
7/5/2016,1172.800049,1174.300049,1162,1165.599976,534082
7/7/2016,1165.599976,1188.75,1160.900024,1185.650024,1208154
7/8/2016,1185.099976,1185.599976,1171.25,1174.849976,779717
7/11/2016,1186,1201.900024,1181.050049,1199.75,1275633
7/12/2016,1209.900024,1209.900024,1195.550049,1202.150024,1761508
7/13/2016,1199.800049,1201.949951,1193.300049,1197.75,1671768
7/14/2016,1201,1202.150024,1192.199951,1200.349976,864917
7/15/2016,1203.800049,1226,1195.099976,1223.699951,1443554
7/18/2016,1225,1238.5,1222.650024,1227.449951,1109621
7/19/2016,1229,1230.75,1213.849976,1218.349976,646501
7/20/2016,1223,1238.5,1221.75,1232.199951,1172583
7/21/2016,1230.699951,1239.900024,1222.5,1228.599976,2278226
7/22/2016,1233.349976,1234.650024,1221.5,1230.800049,1405068
7/25/2016,1233,1249.449951,1227,1246.949951,2468221
7/26/2016,1242.400024,1245.650024,1235.150024,1238.800049,1416498
7/27/2016,1241,1247.550049,1230,1236.949951,2683684
7/28/2016,1238,1251.25,1235.550049,1248.449951,2661632
7/29/2016,1248,1250,1235,1246.199951,848919
8/1/2016,1249,1258.949951,1227.650024,1242.300049,1390216
8/2/2016,1247,1256.449951,1240.400024,1243.300049,1332349
8/3/2016,1241.099976,1249.949951,1231,1240.449951,1183469
8/4/2016,1246.599976,1246.699951,1233.599976,1241,1165720
8/5/2016,1247.400024,1255.650024,1241.75,1249.25,1446228
8/8/2016,1252.900024,1255,1244.550049,1249.599976,1182194
8/9/2016,1252.900024,1252.900024,1237.699951,1247.199951,1052714
8/10/2016,1245,1250.949951,1219.75,1226.900024,904930
8/11/2016,1226.800049,1235,1222,1228.25,714018
8/12/2016,1231.050049,1235,1219.400024,1228.699951,1160374
8/16/2016,1228.699951,1238.449951,1213.800049,1227.300049,867142
8/17/2016,1233.400024,1237.5,1226,1234.900024,1377759
8/18/2016,1238,1254.900024,1234.550049,1252.5,1527914
8/19/2016,1250,1250,1241.449951,1247.099976,1027659
8/22/2016,1245.050049,1254.449951,1241,1250.300049,1375323
8/23/2016,1251,1254,1246.050049,1251.449951,1328631
8/24/2016,1252.050049,1264.199951,1247.050049,1261.800049,1392734
8/25/2016,1264,1266.800049,1254.300049,1258.550049,2182472
8/26/2016,1260,1261.900024,1253.900024,1257.099976,630284
8/29/2016,1255.5,1255.5,1236.199951,1238.099976,736046
8/30/2016,1245.099976,1270.5,1243.949951,1268.650024,2466902
8/31/2016,1269,1295,1265.5,1291.199951,2790341
9/1/2016,1288,1290,1275.400024,1283.699951,1306169
9/2/2016,1285.5,1289,1281.150024,1285.099976,988797
9/6/2016,1285.099976,1303.900024,1285.099976,1300.400024,1377221
9/7/2016,1301,1305,1283.099976,1286.75,1004111
9/8/2016,1290,1295.25,1283.599976,1289.400024,726345
9/9/2016,1290,1294.5,1278.300049,1290.400024,1003442
9/12/2016,1274.699951,1284.400024,1271.5,1279.900024,996432
9/14/2016,1279.900024,1279.900024,1265.400024,1269.449951,962377
9/15/2016,1272,1283.900024,1269.849976,1279.599976,875453
9/16/2016,1283.800049,1304.5,1283.800049,1297.849976,1631454
9/19/2016,1297,1302.5,1288,1290.150024,1473708
9/20/2016,1292.650024,1295,1284.050049,1288.449951,944562
9/21/2016,1292,1298,1287.900024,1293,1064100
9/22/2016,1305,1316.949951,1300.550049,1306.900024,1638950
9/23/2016,1306.050049,1318.449951,1301.5,1312.699951,1219202
9/26/2016,1306.099976,1308.900024,1293.699951,1296.150024,1394193
9/27/2016,1299,1306.150024,1294.849976,1298.050049,1014203
9/28/2016,1299.900024,1300,1289,1295.25,1247413
9/29/2016,1297.949951,1306,1267.949951,1277.5,4112503
9/30/2016,1277.099976,1281,1267.400024,1272.849976,1034607
10/3/2016,1281,1289.900024,1276.400024,1287.199951,975137
10/4/2016,1288.599976,1295,1282.300049,1289.550049,693878
10/5/2016,1298,1300.050049,1276.400024,1286.099976,911755
10/6/2016,1287.099976,1295.599976,1279.050049,1281.949951,723928
10/7/2016,1284,1287.75,1276.25,1280.599976,834366
10/10/2016,1285,1287.900024,1278.75,1284.349976,1179828
10/13/2016,1284.349976,1284.349976,1256.449951,1262.75,1129839
10/14/2016,1265.75,1268,1254,1261.800049,1016779
10/17/2016,1265.5,1266.400024,1232.75,1237.699951,1283840
10/18/2016,1243.199951,1260,1239,1257.849976,652742
10/19/2016,1261.099976,1263,1248,1258.349976,761226
10/20/2016,1260.25,1267.449951,1251,1255.5,800089
10/21/2016,1256,1272.949951,1250,1270.699951,989102
10/24/2016,1271.75,1276.849976,1261.050049,1263.550049,813916
10/25/2016,1268,1268,1244.050049,1250.300049,1375449
10/26/2016,1243.349976,1265,1235.050049,1239.300049,1341635
10/27/2016,1239,1257,1224.150024,1252.099976,2905965
10/28/2016,1254.5,1261.900024,1240.099976,1259.050049,1330134
11/1/2016,1259.050049,1263.849976,1247.050049,1259.800049,850604
11/2/2016,1251.099976,1255.699951,1241.5,1246.150024,1618608
11/3/2016,1245,1260,1231.75,1254.949951,1578953
11/4/2016,1252.800049,1252.800049,1241.75,1243.699951,1433730
11/7/2016,1252,1254.849976,1240,1249.449951,1417848
11/8/2016,1251.099976,1258,1240.099976,1254.300049,1337041
11/9/2016,1200,1257.400024,1195.349976,1251.25,3411367
11/10/2016,1263.75,1283,1254.099976,1278.550049,2675184
11/11/2016,1274,1282,1265.599976,1275.800049,1784830
11/15/2016,1275.800049,1289,1250.650024,1254.75,3128131
11/16/2016,1268,1268,1240.050049,1244.349976,2161936
11/17/2016,1238.300049,1248.900024,1225.150024,1230.199951,1203906
11/18/2016,1236,1236,1209.199951,1211.400024,1719975
11/21/2016,1219.5,1219.5,1188.349976,1198.699951,1388130
11/22/2016,1206.800049,1206.800049,1189.349976,1198.050049,2504446
11/23/2016,1203,1203,1181.099976,1184.75,883173
11/24/2016,1184,1186.300049,1160.900024,1165.5,3821499
11/25/2016,1169,1193.199951,1158,1189.300049,1492490
11/28/2016,1180.25,1198.900024,1178.099976,1184.449951,1032545
11/29/2016,1184.699951,1192.949951,1176.5,1178.75,983161
11/30/2016,1185,1202,1181.099976,1199.599976,1610710
12/1/2016,1202.300049,1207.900024,1193,1197.25,1119246
12/2/2016,1189,1201.949951,1176.699951,1189.099976,1015668
12/5/2016,1187.599976,1198.949951,1176.5,1196.349976,1137984
12/6/2016,1195,1202.849976,1190.199951,1194.449951,675741
12/7/2016,1201.849976,1205.900024,1167,1181.599976,1407048
12/8/2016,1187,1205.550049,1187,1199.5,1077424
12/9/2016,1199.099976,1202.300049,1188,1198.300049,1096988
12/12/2016,1192,1192.150024,1181.099976,1184.449951,856318
12/13/2016,1180.25,1190.349976,1178.550049,1186.25,631717
12/14/2016,1187,1188,1173.400024,1175.699951,1078536
12/15/2016,1164.199951,1194.5,1163.599976,1176.599976,1235372
12/16/2016,1176.599976,1185,1171.550049,1182.300049,813957
12/19/2016,1176.800049,1179.5,1170.5,1176.75,790109
12/20/2016,1176,1185,1171.699951,1181.900024,1047498
12/21/2016,1184,1185,1175,1180,664719
12/22/2016,1176.400024,1179.5,1168.400024,1173.099976,701429
12/23/2016,1171,1189.25,1169.300049,1186.25,1188129
12/26/2016,1178.550049,1186.099976,1170.099976,1175,1045966
12/27/2016,1179.300049,1186.900024,1173.900024,1185.199951,1224824
12/28/2016,1189.900024,1194.949951,1181,1186.75,1626960
12/29/2016,1185,1207.949951,1181.449951,1205.199951,2025204
12/30/2016,1200,1212,1199.949951,1206.199951,1016635
1/2/2017,1209.449951,1210.099976,1192.050049,1197.099976,927164
1/3/2017,1200.800049,1201.949951,1185.75,1189.900024,961875
1/4/2017,1189.849976,1192,1183.800049,1185.5,1741780
1/5/2017,1189,1194.5,1183.099976,1186.199951,1694096
1/6/2017,1190.099976,1198.400024,1188.199951,1193.650024,1381315
1/9/2017,1198.849976,1204.150024,1192.150024,1195.199951,1143449
1/10/2017,1196.199951,1216.800049,1195.300049,1214.349976,1386529
1/11/2017,1217.5,1238.099976,1215.5,1234,2335851
1/12/2017,1235,1243.699951,1225.5,1235,729079
1/13/2017,1239,1239.699951,1228.599976,1232.5,962603
1/16/2017,1233.5,1249.449951,1232.800049,1247.650024,941466
1/17/2017,1247,1252.400024,1236.25,1238.5,889903
1/18/2017,1240.900024,1256,1240.849976,1242.599976,1153222
1/19/2017,1244.900024,1244.900024,1235,1236.300049,878103
1/20/2017,1236,1245,1230,1236.349976,3485517
1/23/2017,1236,1250,1235.800049,1244.650024,1198462
1/24/2017,1250,1271.5,1249.25,1267.550049,2565466
1/25/2017,1272.599976,1295.599976,1270.099976,1290.599976,3909246
1/27/2017,1290.599976,1300,1288,1291.900024,1713059
1/30/2017,1292.949951,1292.949951,1280.550049,1284.949951,1329907
1/31/2017,1282.400024,1292.699951,1277,1286.650024,1525260
2/1/2017,1286.199951,1310,1280.5,1305.699951,2727666
2/2/2017,1305.699951,1305.699951,1292.599976,1298.699951,1492909
2/3/2017,1299,1316,1296.5,1311.050049,2001276
2/6/2017,1312.300049,1320,1311.449951,1314.099976,1077555
2/7/2017,1316,1318,1302.949951,1307.150024,852980
2/8/2017,1307.550049,1318.699951,1298.150024,1305.650024,1235240
2/9/2017,1309.400024,1319.900024,1292.550049,1297.650024,1116344
2/10/2017,1298.349976,1308.75,1298,1303.599976,824184
2/13/2017,1307.550049,1315,1299.199951,1310.199951,698948
2/14/2017,1314,1314,1304,1311.099976,611515
2/15/2017,1312,1324,1307.449951,1322.199951,1531735
2/16/2017,1323,1333,1320.25,1327.900024,1260925
2/17/2017,1445,1454,1360.449951,1377.050049,100564990
2/20/2017,1361.199951,1415.449951,1359.150024,1409.099976,2641679
2/21/2017,1406.050049,1421.800049,1397.400024,1415.550049,1565007
2/22/2017,1415,1418.800049,1394.849976,1399.150024,1324194
2/23/2017,1403.800049,1421.349976,1387.050049,1394.300049,8623745
2/27/2017,1394.300049,1398.349976,1378.599976,1393.599976,1170344
2/28/2017,1392.900024,1396.25,1384.5,1390.099976,732002
3/1/2017,1396.449951,1396.5,1386.400024,1391.650024,870434
3/2/2017,1394.550049,1396,1376.25,1380.099976,1150497
3/3/2017,1384.5,1384.5,1369,1377,623206
3/6/2017,1376.800049,1389.900024,1373.099976,1380.75,919781
3/7/2017,1382.25,1387.5,1376.199951,1386.199951,778219
3/8/2017,1387.900024,1399.199951,1381.050049,1392.199951,945536
3/9/2017,1381.650024,1398.699951,1381.650024,1394.199951,877329
3/10/2017,1395,1408,1393.150024,1400.099976,1465176
3/14/2017,1400.099976,1424.150024,1400.099976,1410.699951,1788755
3/15/2017,1410.949951,1420,1410.550049,1416.599976,1067965
3/16/2017,1418.099976,1422.849976,1413.650024,1417.349976,1245027
3/17/2017,1418.550049,1427.5,1412.849976,1425.849976,847616
3/20/2017,1426.650024,1439.849976,1425.949951,1436.099976,2035586
3/21/2017,1434,1445,1434,1440.949951,1389320
3/22/2017,1427.699951,1437,1425.800049,1430.900024,1409136
3/23/2017,1434.400024,1435,1422.900024,1430.900024,1230618
3/24/2017,1433,1434.449951,1422,1424.349976,952591
3/27/2017,1424,1424,1404.050049,1409.849976,1466021
3/28/2017,1418.300049,1424.699951,1413.099976,1420.199951,2015350
3/29/2017,1420.800049,1434.800049,1420,1428.599976,2143943
3/30/2017,1428,1479.949951,1425.050049,1466.199951,8580273
3/31/2017,1453.800049,1454,1436.550049,1442.550049,2412848
4/3/2017,1446,1450.099976,1426,1433.199951,1037263
4/5/2017,1433.199951,1446.5,1427.550049,1432.349976,1436020
4/6/2017,1431.5,1443,1425.050049,1438.5,1531104
4/7/2017,1431.050049,1445,1428.599976,1438.849976,1162090
4/10/2017,1443,1443,1432.650024,1434.150024,848469
4/11/2017,1434,1441.199951,1431.5,1439.5,1089065
4/12/2017,1439,1449.949951,1435.5,1443.699951,891273
4/13/2017,1443,1448.900024,1437.050049,1440.300049,1201059
4/17/2017,1440.300049,1443.800049,1428.25,1436.800049,1784264
4/18/2017,1440,1455,1438,1447.300049,909715
4/19/2017,1447,1456.75,1438,1449,1084536
4/20/2017,1453,1466.050049,1452.949951,1462.150024,1445343
4/21/2017,1466,1499,1453.300049,1496.599976,4314508
4/24/2017,1498.099976,1539,1497,1533.050049,5051738
4/25/2017,1535.050049,1545.5,1529.599976,1537.050049,2264445
4/26/2017,1542.949951,1553,1468.449951,1550.650024,1948963
4/27/2017,1546.099976,1573.949951,1546.099976,1568.599976,4045105
4/28/2017,1559.900024,1559.900024,1537.099976,1546.5,1359432
5/2/2017,1546.5,1550.900024,1530.349976,1540.599976,1001760
5/3/2017,1554.25,1554.25,1539.349976,1544.300049,626991
5/4/2017,1539.25,1542.900024,1522.599976,1534.800049,1282757
5/5/2017,1542.099976,1542.900024,1526.300049,1532.199951,689474
5/8/2017,1538,1540,1528.550049,1534.800049,936813
5/9/2017,1534.800049,1545.599976,1532.650024,1535.75,836459
5/10/2017,1540,1555,1537.050049,1551.800049,585561
5/11/2017,1551,1560,1541,1546.400024,968936
5/12/2017,1545.900024,1556.900024,1536.199951,1551.650024,1536901
5/15/2017,1550,1557.199951,1542.25,1553.400024,701195
5/16/2017,1555,1562,1548.25,1559.650024,897594
5/17/2017,1558.800049,1565.400024,1551.5,1557.150024,868118
5/18/2017,1549,1561.5,1548.099976,1557.099976,776820
5/19/2017,1559.5,1569.900024,1545.25,1561.25,713534
5/22/2017,1565.099976,1580,1563.099976,1576,715013
5/23/2017,1580,1583.550049,1565,1569.099976,770043
5/24/2017,1569.050049,1575.449951,1562,1566.75,866847
5/25/2017,1567.099976,1629.400024,1567.099976,1617.150024,5022701
5/26/2017,1606.650024,1632,1601.099976,1626,1360789
5/29/2017,1619.800049,1648,1617.650024,1631.900024,1479085
5/30/2017,1630,1633.5,1616.150024,1629.050049,1108546
5/31/2017,1625,1643,1623.150024,1636.199951,1329728
6/1/2017,1639,1639.849976,1620.550049,1628.599976,839885
6/2/2017,1634,1646.099976,1626.199951,1634.25,803386
6/5/2017,1633.699951,1638.949951,1625,1635.550049,724975
6/6/2017,1635,1643.800049,1630,1638.949951,1250658
6/7/2017,1640.400024,1644.900024,1630.349976,1640.800049,638569
6/8/2017,1643.900024,1659.400024,1641.650024,1644.75,1062192
6/9/2017,1640.099976,1670,1640.099976,1666.800049,1326318
6/12/2017,1664,1676,1660,1668.75,992853
6/13/2017,1661.75,1691.900024,1661,1676.699951,1262905
6/14/2017,1675,1679.949951,1667,1671.199951,964590
6/15/2017,1668,1675.599976,1653.599976,1664.349976,881673
6/16/2017,1665,1674.699951,1658.099976,1669.25,938776
6/19/2017,1671,1696,1668.400024,1692.900024,956383
6/20/2017,1690,1694,1679.849976,1686.550049,915066
6/21/2017,1682.599976,1701.25,1679.599976,1698.699951,852733
6/22/2017,1694.949951,1716,1691.199951,1698,1668865
6/23/2017,1702,1702.75,1675.199951,1678.650024,1304367
6/27/2017,1678.650024,1695,1656.25,1667.650024,1500108
6/28/2017,1665,1675,1657.800049,1666.449951,1112259
6/29/2017,1667,1681.900024,1651.099976,1663.050049,2296927
6/30/2017,1653.800049,1660,1643,1652.050049,1082608
7/3/2017,1652.599976,1667.5,1647.25,1658.599976,876083
7/4/2017,1660.25,1666.699951,1652,1653.349976,941520
7/5/2017,1653.099976,1659.5,1645,1648.75,1003550
7/6/2017,1652.550049,1663,1651.349976,1658.150024,1142919
7/7/2017,1660.849976,1669.599976,1658,1667.199951,1379349
7/10/2017,1668,1748,1661.050049,1676.349976,327313
7/11/2017,1677.550049,1690.800049,1667.099976,1680.400024,1102570
7/12/2017,1680,1685,1658.550049,1681.25,1434723
7/13/2017,1688,1693.300049,1679.650024,1683.550049,1120251
7/14/2017,1683.900024,1686.050049,1672,1679.949951,610813
7/17/2017,1682.550049,1687.650024,1677,1682.349976,599835
7/18/2017,1679.699951,1687.849976,1677.349976,1683.550049,580547
7/19/2017,1685,1696.199951,1681.849976,1692.300049,996811
7/20/2017,1693.900024,1715,1688.150024,1710.900024,924619
7/21/2017,1714.099976,1715.25,1700,1703.050049,968377
7/24/2017,1710,1740,1695,1735.099976,4919544
7/25/2017,1759,1759,1733.050049,1739.650024,2790117
7/26/2017,1742,1755,1732.5,1747.550049,973836
7/27/2017,1756,1798.800049,1751.550049,1789.650024,4490428
7/28/2017,1772,1786.5,1761.099976,1778.5,2313849
7/31/2017,1777.550049,1791,1766.550049,1784.400024,1842285
8/1/2017,1781.849976,1809.150024,1772.199951,1797.199951,2129215
8/2/2017,1807,1807,1782.050049,1791.650024,1849479
8/3/2017,1788,1792,1774.400024,1779.949951,1064196
8/4/2017,1777,1796.75,1766.150024,1790.25,886267
8/7/2017,1786,1796.449951,1785,1788.550049,479665
8/8/2017,1792.099976,1797.25,1766.099976,1777.900024,1008843
8/9/2017,1771,1777.050049,1758.349976,1764.449951,817514
8/10/2017,1760,1766,1752.849976,1760.449951,1947111
8/11/2017,1745,1758,1731.150024,1749.050049,1589959
8/14/2017,1753,1774.949951,1748,1757.199951,894271
8/16/2017,1757.199951,1789.800049,1748.550049,1781.25,1106708
8/17/2017,1776.25,1780.949951,1753.75,1765.400024,1363717
8/18/2017,1760,1761,1743,1752.150024,926866
8/21/2017,1754,1759,1738.199951,1743.199951,1002431
8/22/2017,1751.300049,1754,1736.800049,1747,1652389
8/23/2017,1750,1777.949951,1750,1772.449951,840131
8/24/2017,1774.900024,1774.949951,1759.150024,1762.5,1969569
8/28/2017,1762.5,1771.150024,1758.349976,1762.25,376946
8/29/2017,1759,1759,1738,1746.150024,1229649
8/30/2017,1751.949951,1770,1750.050049,1768.550049,673580
8/31/2017,1772,1779.849976,1756.400024,1776.449951,1825859
9/1/2017,1781,1781.449951,1761.099976,1767.599976,573793
9/4/2017,1765,1765,1746.099976,1750.900024,910631
9/5/2017,1757,1764.900024,1751,1755.349976,920609
9/6/2017,1743.75,1762.800049,1738,1759.900024,1437908
9/7/2017,1760.099976,1776.75,1760.099976,1766.550049,1736605
9/8/2017,1773.400024,1790,1771,1787.650024,2077916
9/11/2017,1793,1829,1790.199951,1823.349976,2869419
9/12/2017,1827.699951,1839.900024,1818.300049,1835.199951,1671920
9/13/2017,1835,1849,1824,1841.849976,1248844
9/14/2017,1840.150024,1852.5,1831.5,1839.400024,2038504
9/15/2017,1836,1851.800049,1833.449951,1848.949951,941833
9/18/2017,1853.550049,1864.449951,1852.5,1860.449951,1021232
9/19/2017,1864.900024,1868,1847.550049,1849.699951,1060367
9/20/2017,1848,1861.449951,1845.25,1848.849976,861532
9/21/2017,1848,1848.5,1830.699951,1839.099976,1928124
9/22/2017,1834.800049,1838.949951,1820,1824.099976,2060881
9/25/2017,1822.449951,1822.449951,1792.599976,1799.75,2537307
9/26/2017,1789.050049,1796.599976,1785,1792.300049,2859683
9/27/2017,1796,1805.599976,1770,1776.5,1834305
9/28/2017,1774,1799,1763.300049,1795.300049,6911616
9/29/2017,1800.099976,1822,1796.25,1805.699951,1553408
10/3/2017,1805.699951,1821,1797.099976,1808.849976,1098606
10/4/2017,1807.900024,1811.900024,1793.349976,1797,1656276
10/5/2017,1795,1805,1793.099976,1798.599976,834049
10/6/2017,1798,1804.449951,1794,1800.099976,757665
10/9/2017,1798.800049,1803,1790.5,1795.5,765623
10/10/2017,1799,1814.949951,1792.650024,1802.699951,949545
10/11/2017,1803.25,1815.25,1787.599976,1790.150024,1316860
10/12/2017,1795.099976,1821.449951,1788,1818.800049,1345390
10/13/2017,1826.699951,1856.550049,1822,1850.800049,1608366
10/16/2017,1860,1873.25,1842,1857.150024,818636
10/17/2017,1850,1853.699951,1839.099976,1851.25,653322
10/18/2017,1841,1875,1839,1868.5,981680
10/23/2017,1861.800049,1869.699951,1836.050049,1863.300049,1183225
10/24/2017,1863,1879.599976,1853,1867.099976,2832218
10/25/2017,1860,1863,1785,1795.099976,5341802
10/26/2017,1768,1810,1757.849976,1795.349976,7142866
10/27/2017,1804.400024,1807.5,1779,1791.050049,1868022
10/30/2017,1798.25,1816,1792.400024,1815,1355588
10/31/2017,1811.5,1811.5,1799.25,1808.5,1170615
11/1/2017,1815.099976,1825,1812,1821.199951,1047653
11/2/2017,1823,1829.800049,1816.949951,1822.099976,1184486
11/3/2017,1825.699951,1840,1821.599976,1830.699951,952622
11/6/2017,1825,1840,1822.599976,1828.599976,1537061
11/7/2017,1838,1844.949951,1820.75,1823.699951,1861594
11/8/2017,1825.199951,1833.599976,1819,1825.949951,820786
11/9/2017,1827,1835,1821.099976,1827.849976,778327
11/10/2017,1821.699951,1834.800049,1812.349976,1822,1936090
